id;block;typ;de;en;es;k_es;pt;k_pt;anmerkung
A005;A;hart;5. Mose;Deuteronomy;Deuteronomio;3;Deuteronômio;3;
A007;A;weich;Richter;Judges;Jueces;3;Juízes;3;WEICH: Richter ist im Deutschen doppeldeutig. Nur bei Stellenangabe erzwingen.
A020;A;weich;Sprüche;Proverbs;Proverbios;3;Provérbios;3;WEICH: RU Pritchi heisst zugleich Gleichnisse. Siehe C072.
A021;A;weich;Prediger;Ecclesiastes;Eclesiastés;3;Eclesiastes;3;WEICH: Prediger ist im Deutschen doppeldeutig (Buch vs. Person). Siehe D028.
A022;A;hart;Hohelied;Song of Songs;Cantares;3;Cânticos;3;
A025;A;hart;Klagelieder;Lamentations;Lamentaciones;3;Lamentações;3;
A035;A;hart;Habakuk;Habakkuk;Habacuc;3;Habacuque;3;
A037;A;hart;Haggai;Haggai;Hageo;3;Ageu;3;
A044;A;hart;Apostelgeschichte;Acts;Hechos;3;Atos;3;
A058;A;hart;Hebräer;Hebrews;Hebreos;3;Hebreus;3;Adventistisch zentral wegen Heiligtumslehre.
A059;A;hart;Jakobus;James;Santiago;3;Tiago;3;FALLSTRICK: EN James sieht wie ein anderer Name aus. FA Yaqub = zugleich Jakob im AT.
A066;A;weich;Offenbarung;Revelation;Apocalipsis;3;Apocalipse;3;WEICH: Offenbarung als Buch vs. Offenbarung als Sachbegriff. Siehe C022.
C006;C;hart;Rechtfertigung;justification;justificación;3;justificação;3;FA: Verbalkonstruktion. Konsistenz mit C Gerechtigkeit pruefen.
C007;C;hart;Heiligung;sanctification;santificación;3;santificação;3;
C014;C;hart;Buße;repentance;arrepentimiento;3;arrependimento;3;
C016;C;hart;Bekehrung;conversion;conversión;3;conversão;3;
C028;C;weich;Bund;covenant;pacto;3;pacto;3;WEICH: RU zavet auch fuer Testament (Vetkhiy Zavet = AT). Kontext.
C033;C;hart;Evangelium;gospel;evangelio;3;evangelho;3;
C038;C;weich;Gemeinde;congregation;congregación;3;congregação;3;DE Gemeinde meint die Ortsgemeinde. EN church doppeldeutig, congregation praeziser.
C040;C;hart;Taufe;baptism;bautismo;3;batismo;3;
C044;C;hart;Anbetung;worship;adoración;3;adoração;3;
C082;C;hart;Seelsorge;pastoral care;pastoral;3;pastoral;3;RU pruefen, dushepopechenie ist teils orthodox konnotiert.
C118;C;hart;Erweckung;revival;avivamiento;3;avivamento;3;
D001;D;hart;Adventgemeinde;Seventh-day Adventist Church;Iglesia Adventista del Séptimo Día;3;Igreja Adventista do Sétimo Dia;3;
D002;D;hart;Siebenten-Tags-Adventist;Seventh-day Adventist;Adventista del Séptimo Día;3;Adventista do Sétimo Dia;3;
D003;D;hart;Sabbatschule;Sabbath School;Escuela Sabática;3;Escola Sabatina;3;
D004;D;hart;Gottesdienst;worship service;servicio de adoración;3;culto;3;
D005;D;hart;Himmlisches Heiligtum;heavenly sanctuary;santuario celestial;3;santuário celestial;3;Kernlehre. FA muss geprueft werden.
D006;D;hart;Untersuchungsgericht;investigative judgment;juicio investigador;3;julgamento investigativo;3;Zentrale adventistische Lehre ohne selbstverstaendliche persische Entsprechung.
D007;D;hart;Vorabschließendes Gericht;pre-advent judgment;juicio previo al adviento;2;julgamento pré-advento;2;Neuere Bezeichnung fuer dieselbe Lehre.
D008;D;hart;Großer Kampf;great controversy;gran conflicto;3;grande conflito;3;Auch Buchtitel von E. G. White.
D009;D;hart;Geist der Prophetie;Spirit of Prophecy;Espíritu de Profecía;3;Espírito de Profecia;3;
D010;D;hart;Ellen G. White;Ellen G. White;Ellen G. White;3;Ellen G. White;3;Eigenname. Nicht uebersetzen, nur transliterieren.
D011;D;hart;Zustand der Toten;state of the dead;estado de los muertos;3;estado dos mortos;3;
D012;D;hart;Seelenschlaf;soul sleep;sueño de la muerte;3;sono da morte;3;
D013;D;hart;Unsterblichkeit der Seele;immortality of the soul;inmortalidad del alma;3;imortalidade da alma;3;Meist in Ablehnung gebraucht.
D014;D;hart;Dreiengelsbotschaft;three angels' messages;mensaje de los tres ángeles;3;mensagem dos três anjos;3;
D015;D;hart;Übrige;remnant;el remanente;3;o remanescente;3;DE uneinheitlich. Klaeren, welche Form die Gemeinde nutzt.
D016;D;hart;Malzeichen des Tieres;mark of the beast;la marca de la bestia;3;a marca da besta;3;
D017;D;hart;Siegel Gottes;seal of God;el sello de Dios;3;o selo de Deus;3;
D018;D;hart;Babylon;Babylon;Babilon;3;Babil;3;
D019;D;hart;Sonntagsgesetz;Sunday law;la ley del domingo;3;a lei do domingo;3;
D020;D;hart;Gnadenzeit;probation;tiempo de gracia;2;tempo de graça;2;EN Fachterminus ist probation, nicht time of grace.
D021;D;hart;Große Enttäuschung;Great Disappointment;la Gran Decepción;3;a Grande Decepção;3;Bezug 1844.
D022;D;hart;Zehnter;tithe;el diezmo;3;o dízimo;3;
D023;D;weich;Gaben;offerings;ofrendas;3;ofertas;3;WEICH: Gaben auch als Geistesgaben oder Geschenke.
D024;D;hart;Gesundheitsbotschaft;health message;mensaje de salud;3;mensagem de saúde;3;
D025;D;hart;Gesundheitsreform;health reform;reforma de salud;3;reforma de saúde;3;RU pruefen.
D026;D;hart;Ältester;elder;anciano;3;ancião;3;RU: presviter adventistisch, starets ist orthodox. FA mashayekh ist Plural, Singular pruefen.
D027;D;hart;Diakon;deacon;diácono;3;diácono;3;
D028;D;weich;Prediger;pastor;pastor;3;pastor;3;WEICH: kollidiert mit dem Bibelbuch Prediger (A021).
D029;D;hart;Gemeindeglied;church member;miembro de la iglesia;3;membro da igreja;3;
D030;D;hart;Vereinigung;conference;confederación;2;confederação;2;Kirchenstrukturbegriff, nicht die Alltagsbedeutung. Kritisch fuer MT.
D031;D;hart;Verband;union;Unión;3;União;3;Kirchenstrukturbegriff. WEICH-Kandidat, da Verband auch medizinisch.
D032;D;hart;Generalkonferenz;General Conference;Asamblea General;3;Associação Geral;3;
D033;D;hart;Gemeindehandbuch;Church Manual;Manual de la Iglesia;3;Manual da Igreja;3;
D034;D;hart;Glaubenspunkte;fundamental beliefs;Creencias Fundamentales;3;Crenças Fundamentais;3;
D035;D;hart;Kindersegnung;child dedication;Dedicación de Niños;3;Dedicação de Crianças;3;EN Fachterminus ist dedication, nicht blessing.
D036;D;hart;Schlachter 2000;Schlachter 2000;Schlachter 2000;3;Schlachter 2000;3;Eigenname der Uebersetzung. Nicht uebersetzen, nur transliterieren.
D037;D;hart;Erweckung und Reformation;revival and reformation;Avivamiento y Reforma;3;Avivamento e Reforma;3;Feste adventistische Wendung.
D038;D;hart;Asasel;Azazel;Azazel;3;Azazel;3;Kern der Heiligtumstypologie.
D039;D;hart;Adventbewegung;Advent movement;movimiento adventista;3;movimento adventista;3;
D040;D;hart;Milleriten;Millerites;mileritas;3;mileritas;3;
D041;D;hart;Bibelstunde;Bible study;estudio bíblico;3;estudo bíblico;3;
D042;D;hart;Hauskreis;small group;grupo pequeño;3;grupo pequeno;3;
D043;D;hart;Rüsttag;preparation day;día de preparación;3;dia de preparação;3;Der Freitag. Adventistisch gaengig.
D044;D;hart;Sabbatanfang;beginning of the Sabbath;inicio del sábado;3;início do sábado;3;
D045;D;hart;Andacht;devotional;devocional;3;devocional;3;Kein sauberer Standardterminus in RU/FA. Pruefen.
D046;D;hart;Pfadfinder;Pathfinders;ir y buscar;3;ir e buscar;3;Adventistische Jugendorganisation, nicht Scouts allgemein.
D047;D;hart;Schriftprinzip;sola scriptura;sola scriptura;3;sola scriptura;3;
D048;D;hart;Gemeindeaufbau;church growth;crecimiento de la iglesia;3;crescimento da igreja;3;
D049;D;hart;Missionsbericht;mission report;informe de misiones;3;relatório de missões;3;
